{
  "uas":85.0507982583,
  "las":80.6966618287,
  "ents_p":0.0,
  "ents_r":0.0,
  "ents_f":0.0,
  "tags_acc":94.1567487959,
  "token_acc":100.0
}