{
  "uas":85.5789067991,
  "las":81.3031354145,
  "ents_p":0.0,
  "ents_r":0.0,
  "ents_f":0.0,
  "tags_acc":94.0532579708,
  "token_acc":100.0
}