{
  "uas":85.161085542,
  "las":80.9032579863,
  "ents_p":0.0,
  "ents_r":0.0,
  "ents_f":0.0,
  "tags_acc":94.1288858815,
  "token_acc":100.0
}