{
  "uas":85.5477696895,
  "las":81.2436220151,
  "ents_p":0.0,
  "ents_r":0.0,
  "ents_f":0.0,
  "tags_acc":94.101022967,
  "token_acc":100.0
}