{
  "uas":80.8563717597,
  "las":75.0005669834,
  "ents_p":0.0,
  "ents_r":0.0,
  "ents_f":0.0,
  "tags_acc":93.2850376149,
  "token_acc":100.0
}