{
  "uas":85.5205877018,
  "las":81.1173589697,
  "ents_p":0.0,
  "ents_r":0.0,
  "ents_f":0.0,
  "tags_acc":94.1527683796,
  "token_acc":100.0
}