{
  "uas":84.5163045943,
  "las":80.1124767563,
  "ents_p":0.0,
  "ents_r":0.0,
  "ents_f":0.0,
  "tags_acc":94.0015125582,
  "token_acc":100.0
}