{
  "uas":85.5950463835,
  "las":81.2175372542,
  "ents_p":0.0,
  "ents_r":0.0,
  "ents_f":0.0,
  "tags_acc":94.1328662978,
  "token_acc":100.0
}