{
  "uas":85.3670151251,
  "las":81.0313159029,
  "ents_p":0.0,
  "ents_r":0.0,
  "ents_f":0.0,
  "tags_acc":94.1487879632,
  "token_acc":100.0
}