{
  "uas":85.2775068611,
  "las":80.8909251741,
  "ents_p":0.0,
  "ents_r":0.0,
  "ents_f":0.0,
  "tags_acc":94.1965529594,
  "token_acc":100.0
}