{
  "uas":85.3806208758,
  "las":80.9768929001,
  "ents_p":0.0,
  "ents_r":0.0,
  "ents_f":0.0,
  "tags_acc":94.2005333758,
  "token_acc":100.0
}