{
  "uas":85.3748668072,
  "las":80.9902740937,
  "ents_p":0.0,
  "ents_r":0.0,
  "ents_f":0.0,
  "tags_acc":94.1885921267,
  "token_acc":100.0
}