{
  "uas":85.5102364704,
  "las":81.1209105131,
  "ents_p":0.0,
  "ents_r":0.0,
  "ents_f":0.0,
  "tags_acc":94.2124746248,
  "token_acc":100.0
}