{
  "uas":85.4589985486,
  "las":81.06404209,
  "ents_p":0.0,
  "ents_r":0.0,
  "ents_f":0.0,
  "tags_acc":94.1846117104,
  "token_acc":100.0
}