{
  "uas":85.3767488266,
  "las":81.0049658738,
  "ents_p":0.0,
  "ents_r":0.0,
  "ents_f":0.0,
  "tags_acc":94.2443179557,
  "token_acc":100.0
}