{
  "uas":84.0004535662,
  "las":79.2879011226,
  "ents_p":0.0,
  "ents_r":0.0,
  "ents_f":0.0,
  "tags_acc":93.9020021494,
  "token_acc":100.0
}