{
  "uas":84.7191673658,
  "las":80.3564545022,
  "ents_p":0.0,
  "ents_r":0.0,
  "ents_f":0.0,
  "tags_acc":94.0054929746,
  "token_acc":100.0
}