{
  "uas":82.9214094599,
  "las":77.7833204843,
  "ents_p":0.0,
  "ents_r":0.0,
  "ents_f":0.0,
  "tags_acc":93.72686383,
  "token_acc":100.0
}