{
  "uas":85.3851038737,
  "las":81.2301551302,
  "ents_p":0.0,
  "ents_r":0.0,
  "ents_f":0.0,
  "tags_acc":94.1288858815,
  "token_acc":100.0
}