{
  "uas":85.2873146174,
  "las":80.8970928387,
  "ents_p":0.0,
  "ents_r":0.0,
  "ents_f":0.0,
  "tags_acc":94.1487879632,
  "token_acc":100.0
}